order_id,user_id,status,gender,created_at,returned_at,shipped_at,delivered_at,num_of_item
4,6,Cancelled,F,2025-01-31 18:39:00+00:00,,,,1
18,17,Cancelled,F,2022-04-04 13:26:00+00:00,,,,3
25,23,Cancelled,F,2025-03-20 16:05:00+00:00,,,,1
26,23,Cancelled,F,2025-03-06 16:05:00+00:00,,,,1
70,64,Cancelled,F,2024-09-30 09:15:00+00:00,,,,1
78,69,Cancelled,F,2024-05-02 18:47:00+00:00,,,,2
110,96,Cancelled,F,2024-10-24 00:13:00+00:00,,,,1
124,105,Cancelled,F,2024-08-27 17:35:00+00:00,,,,1
138,118,Cancelled,F,2024-05-09 13:19:00+00:00,,,,2
172,149,Cancelled,F,2025-05-12 09:45:00+00:00,,,,4
187,160,Cancelled,F,2024-01-09 06:21:00+00:00,,,,1
190,162,Cancelled,F,2025-04-24 16:12:00+00:00,,,,1
204,172,Cancelled,F,2023-12-28 11:01:00+00:00,,,,1
205,172,Cancelled,F,2024-01-06 11:01:00+00:00,,,,2
211,175,Cancelled,F,2023-04-10 01:53:00+00:00,,,,1
218,179,Cancelled,F,2024-03-18 10:45:00+00:00,,,,4
226,185,Cancelled,F,2023-08-12 00:29:00+00:00,,,,3
255,217,Cancelled,F,2022-09-16 05:43:00+00:00,,,,1
269,223,Cancelled,F,2024-04-06 09:44:00+00:00,,,,4
272,226,Cancelled,F,2023-01-24 01:37:00+00:00,,,,1
277,229,Cancelled,F,2023-06-11 00:26:00+00:00,,,,1
292,239,Cancelled,F,2022-05-21 11:22:00+00:00,,,,1
301,250,Cancelled,F,2021-08-07 17:02:00+00:00,,,,3
323,266,Cancelled,F,2025-01-28 13:32:00+00:00,,,,1
338,279,Cancelled,F,2020-10-15 09:06:00+00:00,,,,2
342,281,Cancelled,F,2024-05-24 17:41:00+00:00,,,,2
362,302,Cancelled,F,2024-07-26 00:23:00+00:00,,,,3
365,303,Cancelled,F,2024-02-01 08:28:00+00:00,,,,1
399,327,Cancelled,F,2025-02-05 05:17:00+00:00,,,,1
422,344,Cancelled,F,2025-02-12 00:25:00+00:00,,,,1
452,367,Cancelled,F,2022-05-22 06:14:00+00:00,,,,3
453,368,Cancelled,F,2020-01-20 09:23:00+00:00,,,,1
461,375,Cancelled,F,2022-05-07 06:55:00+00:00,,,,1
476,381,Cancelled,F,2024-10-17 11:39:00+00:00,,,,1
480,382,Cancelled,F,2025-02-24 02:15:00+00:00,,,,1
522,424,Cancelled,F,2023-05-14 11:07:00+00:00,,,,1
530,429,Cancelled,F,2023-06-18 04:45:00+00:00,,,,1
583,474,Cancelled,F,2024-11-14 12:57:00+00:00,,,,1
588,478,Cancelled,F,2024-11-28 18:42:00+00:00,,,,1
593,484,Cancelled,F,2024-05-11 09:10:00+00:00,,,,2
596,485,Cancelled,F,2025-01-18 07:39:00+00:00,,,,1
597,485,Cancelled,F,2024-03-30 07:39:00+00:00,,,,1
600,486,Cancelled,F,2023-03-30 18:59:00+00:00,,,,1
602,486,Cancelled,F,2025-05-21 18:59:00+00:00,,,,1
603,486,Cancelled,F,2023-01-07 18:59:00+00:00,,,,1
605,488,Cancelled,F,2025-01-19 16:02:00+00:00,,,,1
618,497,Cancelled,F,2024-01-24 09:55:00+00:00,,,,2
634,507,Cancelled,F,2025-04-14 04:11:00+00:00,,,,1
644,515,Cancelled,F,2024-12-15 01:56:00+00:00,,,,1
650,519,Cancelled,F,2023-03-27 15:38:00+00:00,,,,1
654,521,Cancelled,F,2025-04-05 18:59:00+00:00,,,,1
670,532,Cancelled,F,2024-01-11 08:45:00+00:00,,,,1
674,535,Cancelled,F,2021-03-09 03:05:00+00:00,,,,1
707,559,Cancelled,F,2025-01-14 17:42:00+00:00,,,,4
709,561,Cancelled,F,2024-07-18 15:07:00+00:00,,,,1
732,575,Cancelled,F,2024-08-22 09:08:00+00:00,,,,1
737,583,Cancelled,F,2024-11-12 01:51:00+00:00,,,,1
740,586,Cancelled,F,2021-10-31 00:58:00+00:00,,,,1
753,596,Cancelled,F,2024-11-23 03:55:00+00:00,,,,2
754,596,Cancelled,F,2024-10-21 03:55:00+00:00,,,,2
759,603,Cancelled,F,2024-09-05 14:15:00+00:00,,,,1
761,605,Cancelled,F,2024-10-15 08:17:00+00:00,,,,1
772,613,Cancelled,F,2025-05-22 00:45:23.576512+00:00,,,,2
779,620,Cancelled,F,2020-08-05 18:37:00+00:00,,,,4
783,623,Cancelled,F,2021-05-27 12:08:00+00:00,,,,1
784,623,Cancelled,F,2024-05-21 12:08:00+00:00,,,,1
788,628,Cancelled,F,2019-10-02 04:47:00+00:00,,,,1
789,628,Cancelled,F,2019-10-22 04:47:00+00:00,,,,2
799,634,Cancelled,F,2024-02-04 10:13:00+00:00,,,,1
808,637,Cancelled,F,2024-01-09 14:43:00+00:00,,,,1
836,656,Cancelled,F,2023-02-25 18:54:00+00:00,,,,1
859,678,Cancelled,F,2024-08-25 09:44:00+00:00,,,,2
876,691,Cancelled,F,2023-05-10 07:32:00+00:00,,,,2
889,697,Cancelled,F,2023-07-04 04:26:00+00:00,,,,1
914,714,Cancelled,F,2022-01-14 08:10:00+00:00,,,,1
925,722,Cancelled,F,2025-05-18 07:52:00+00:00,,,,1
931,725,Cancelled,F,2025-05-01 00:46:00+00:00,,,,1
932,725,Cancelled,F,2025-05-09 00:46:00+00:00,,,,1
954,747,Cancelled,F,2021-02-18 05:12:00+00:00,,,,2
958,750,Cancelled,F,2023-08-26 08:25:00+00:00,,,,1
963,755,Cancelled,F,2022-03-03 10:50:00+00:00,,,,1
971,764,Cancelled,F,2025-05-01 10:03:00+00:00,,,,1
972,764,Cancelled,F,2025-03-13 10:03:00+00:00,,,,1
975,766,Cancelled,F,2025-05-01 02:50:00+00:00,,,,1
984,775,Cancelled,F,2025-01-17 18:19:00+00:00,,,,2
992,780,Cancelled,F,2023-01-03 11:07:00+00:00,,,,4
994,782,Cancelled,F,2019-10-03 10:23:00+00:00,,,,1
1052,830,Cancelled,F,2024-03-27 08:07:00+00:00,,,,2
1067,840,Cancelled,F,2024-02-10 17:25:00+00:00,,,,2
1073,843,Cancelled,F,2024-03-27 00:22:00+00:00,,,,3
1084,855,Cancelled,F,2023-11-19 17:39:00+00:00,,,,1
1091,858,Cancelled,F,2023-07-23 00:52:00+00:00,,,,1
1107,874,Cancelled,F,2025-01-16 05:12:00+00:00,,,,1
1163,917,Cancelled,F,2023-12-20 03:12:00+00:00,,,,1
1178,933,Cancelled,F,2023-07-14 04:52:00+00:00,,,,1
1189,939,Cancelled,F,2024-02-04 17:44:00+00:00,,,,1
1193,942,Cancelled,F,2023-12-31 06:41:00+00:00,,,,1
1194,942,Cancelled,F,2024-08-22 06:41:00+00:00,,,,1
1211,955,Cancelled,F,2025-02-04 02:03:00+00:00,,,,1
1232,974,Cancelled,F,2023-05-14 05:40:00+00:00,,,,1
1248,990,Cancelled,F,2024-05-04 13:21:00+00:00,,,,4
1258,1000,Cancelled,F,2024-09-28 00:11:00+00:00,,,,1
1268,1006,Cancelled,F,2024-04-04 00:39:00+00:00,,,,1
1280,1015,Cancelled,F,2024-09-25 00:12:00+00:00,,,,4
1284,1020,Cancelled,F,2024-08-28 00:31:00+00:00,,,,1
1293,1024,Cancelled,F,2025-04-17 03:59:00+00:00,,,,1
1306,1034,Cancelled,F,2024-06-03 17:38:00+00:00,,,,1
1314,1043,Cancelled,F,2024-04-16 17:39:00+00:00,,,,2
1320,1047,Cancelled,F,2025-01-26 01:32:00+00:00,,,,2
1329,1056,Cancelled,F,2024-02-04 05:52:00+00:00,,,,1
1336,1062,Cancelled,F,2025-03-14 00:20:00+00:00,,,,1
1344,1069,Cancelled,F,2021-03-24 08:59:00+00:00,,,,4
1354,1075,Cancelled,F,2025-01-26 06:45:00+00:00,,,,2
1386,1099,Cancelled,F,2021-06-22 16:11:00+00:00,,,,1
1423,1137,Cancelled,F,2025-01-06 08:46:00+00:00,,,,3
1478,1177,Cancelled,F,2023-07-31 15:58:00+00:00,,,,1
1491,1192,Cancelled,F,2024-10-10 03:17:00+00:00,,,,1
1497,1198,Cancelled,F,2024-06-26 08:30:00+00:00,,,,2
1510,1210,Cancelled,F,2024-07-07 14:16:00+00:00,,,,2
1511,1210,Cancelled,F,2025-02-12 14:16:00+00:00,,,,1
1530,1224,Cancelled,F,2023-09-21 01:04:00+00:00,,,,1
1541,1229,Cancelled,F,2024-01-09 04:14:00+00:00,,,,1
1542,1230,Cancelled,F,2025-02-14 11:38:00+00:00,,,,2
1577,1264,Cancelled,F,2024-11-01 04:35:00+00:00,,,,2
1578,1265,Cancelled,F,2023-07-14 16:58:00+00:00,,,,1
1593,1281,Cancelled,F,2021-10-07 10:41:00+00:00,,,,2
1594,1282,Cancelled,F,2022-10-23 07:37:00+00:00,,,,1
1608,1292,Cancelled,F,2023-03-23 06:28:00+00:00,,,,1
1614,1298,Cancelled,F,2024-12-11 14:57:00+00:00,,,,3
1626,1310,Cancelled,F,2024-03-04 02:09:00+00:00,,,,1
1635,1320,Cancelled,F,2024-10-22 06:58:00+00:00,,,,1
1656,1336,Cancelled,F,2025-02-18 01:59:00+00:00,,,,1
1660,1339,Cancelled,F,2024-03-07 18:09:00+00:00,,,,1
1673,1349,Cancelled,F,2025-05-04 11:07:00+00:00,,,,1
1676,1349,Cancelled,F,2025-04-30 11:07:00+00:00,,,,1
1677,1352,Cancelled,F,2024-03-02 18:31:00+00:00,,,,1
1682,1358,Cancelled,F,2023-12-12 01:50:00+00:00,,,,1
1698,1372,Cancelled,F,2025-03-30 03:22:00+00:00,,,,1
1710,1381,Cancelled,F,2025-02-07 06:00:00+00:00,,,,1
1712,1382,Cancelled,F,2024-04-07 03:39:00+00:00,,,,1
1732,1393,Cancelled,F,2024-05-02 06:25:00+00:00,,,,1
1736,1397,Cancelled,F,2024-06-05 04:12:00+00:00,,,,2
1745,1404,Cancelled,F,2024-12-30 15:18:00+00:00,,,,1
1772,1431,Cancelled,F,2022-11-15 04:20:00+00:00,,,,1
1773,1431,Cancelled,F,2022-08-29 04:20:00+00:00,,,,1
1775,1433,Cancelled,F,2021-09-23 11:21:00+00:00,,,,1
1780,1437,Cancelled,F,2020-07-28 01:55:00+00:00,,,,1
1812,1459,Cancelled,F,2022-01-21 14:04:00+00:00,,,,2
1826,1472,Cancelled,F,2025-03-11 03:20:00+00:00,,,,2
1842,1480,Cancelled,F,2023-08-11 01:44:00+00:00,,,,1
1860,1501,Cancelled,F,2023-12-25 17:48:00+00:00,,,,1
1887,1527,Cancelled,F,2023-12-12 03:01:00+00:00,,,,1
1905,1540,Cancelled,F,2019-12-15 14:02:00+00:00,,,,1
1965,1594,Cancelled,F,2025-04-23 01:35:00+00:00,,,,1
1972,1599,Cancelled,F,2025-02-26 03:28:00+00:00,,,,1
1977,1604,Cancelled,F,2025-04-23 02:54:00+00:00,,,,2
1982,1606,Cancelled,F,2024-10-23 07:25:00+00:00,,,,3
1992,1612,Cancelled,F,2022-08-29 16:02:00+00:00,,,,2
2074,1687,Cancelled,F,2023-03-15 14:24:00+00:00,,,,1
2139,1733,Cancelled,F,2024-12-18 09:36:00+00:00,,,,2
2145,1737,Cancelled,F,2021-08-17 12:30:00+00:00,,,,1
2157,1744,Cancelled,F,2024-07-22 09:19:00+00:00,,,,2
2174,1766,Cancelled,F,2022-08-05 00:23:00+00:00,,,,2
2189,1780,Cancelled,F,2025-03-31 15:03:00+00:00,,,,1
2191,1780,Cancelled,F,2023-11-11 15:03:00+00:00,,,,1
2192,1781,Cancelled,F,2023-06-17 06:53:00+00:00,,,,4
2200,1791,Cancelled,F,2024-01-16 07:04:00+00:00,,,,1
2219,1805,Cancelled,F,2022-07-30 15:13:00+00:00,,,,1
2225,1811,Cancelled,F,2024-04-19 03:52:00+00:00,,,,1
2229,1815,Cancelled,F,2023-03-02 02:28:00+00:00,,,,2
2240,1823,Cancelled,F,2025-03-27 01:32:00+00:00,,,,1
2248,1829,Cancelled,F,2024-11-13 12:19:00+00:00,,,,1
2271,1848,Cancelled,F,2020-12-17 00:18:00+00:00,,,,1
2272,1848,Cancelled,F,2020-12-20 00:18:00+00:00,,,,1
2273,1849,Cancelled,F,2023-12-23 06:24:00+00:00,,,,2
2280,1855,Cancelled,F,2024-04-28 15:33:00+00:00,,,,1
2298,1870,Cancelled,F,2024-03-08 03:00:00+00:00,,,,1
2313,1882,Cancelled,F,2025-01-07 16:09:00+00:00,,,,1
2319,1887,Cancelled,F,2023-11-14 17:51:00+00:00,,,,2
2333,1900,Cancelled,F,2025-04-07 15:47:00+00:00,,,,1
2344,1907,Cancelled,F,2023-06-18 18:01:00+00:00,,,,1
2367,1923,Cancelled,F,2022-03-29 14:45:00+00:00,,,,4
2406,1959,Cancelled,F,2021-03-24 17:31:00+00:00,,,,2
2409,1964,Cancelled,F,2025-05-05 00:02:00+00:00,,,,1
2419,1972,Cancelled,F,2023-05-12 08:06:00+00:00,,,,1
2422,1972,Cancelled,F,2024-09-16 08:06:00+00:00,,,,1
2426,1974,Cancelled,F,2025-03-18 17:08:00+00:00,,,,2
2451,1993,Cancelled,F,2019-08-05 04:48:00+00:00,,,,1
2468,2010,Cancelled,F,2024-08-24 06:47:00+00:00,,,,1
2512,2047,Cancelled,F,2024-06-12 01:35:00+00:00,,,,1
2516,2050,Cancelled,F,2025-05-20 05:47:00+00:00,,,,2
2517,2050,Cancelled,F,2023-11-24 05:47:00+00:00,,,,1
2547,2070,Cancelled,F,2024-05-04 09:29:00+00:00,,,,1
2554,2079,Cancelled,F,2024-05-25 11:07:00+00:00,,,,1
2564,2084,Cancelled,F,2024-07-27 17:25:00+00:00,,,,1
2570,2089,Cancelled,F,2022-03-02 18:06:00+00:00,,,,2
2610,2120,Cancelled,F,2023-01-02 09:28:00+00:00,,,,1
2611,2120,Cancelled,F,2024-07-10 09:28:00+00:00,,,,1
2616,2125,Cancelled,F,2021-10-06 09:24:00+00:00,,,,1
2624,2130,Cancelled,F,2024-04-13 14:11:00+00:00,,,,2
2704,2186,Cancelled,F,2022-12-01 12:50:00+00:00,,,,1
2713,2193,Cancelled,F,2024-11-09 07:10:00+00:00,,,,1
2743,2218,Cancelled,F,2021-02-10 05:21:00+00:00,,,,1
2744,2219,Cancelled,F,2020-06-21 08:33:00+00:00,,,,1
2748,2222,Cancelled,F,2022-09-20 15:29:00+00:00,,,,1
2752,2225,Cancelled,F,2024-09-12 13:23:00+00:00,,,,1
2762,2232,Cancelled,F,2023-04-10 12:40:00+00:00,,,,1
2763,2233,Cancelled,F,2024-02-29 04:44:00+00:00,,,,1
2790,2251,Cancelled,F,2022-10-23 12:03:00+00:00,,,,1
2825,2276,Cancelled,F,2021-10-13 12:07:00+00:00,,,,2
2829,2278,Cancelled,F,2021-09-15 06:52:00+00:00,,,,1
2834,2283,Cancelled,F,2023-09-30 09:47:00+00:00,,,,1
2835,2284,Cancelled,F,2024-06-15 06:33:00+00:00,,,,2
2836,2285,Cancelled,F,2024-06-08 02:19:00+00:00,,,,4
2850,2299,Cancelled,F,2025-02-08 02:08:00+00:00,,,,1
2855,2302,Cancelled,F,2023-04-25 14:28:00+00:00,,,,1
2866,2308,Cancelled,F,2024-02-01 14:48:00+00:00,,,,1
2898,2324,Cancelled,F,2023-03-10 15:56:00+00:00,,,,1
2914,2333,Cancelled,F,2024-01-15 12:13:00+00:00,,,,2
2924,2342,Cancelled,F,2024-06-24 16:31:00+00:00,,,,1
2925,2344,Cancelled,F,2021-12-07 03:29:00+00:00,,,,1
2938,2353,Cancelled,F,2023-08-13 01:12:00+00:00,,,,1
2939,2353,Cancelled,F,2024-08-03 01:12:00+00:00,,,,1
2946,2358,Cancelled,F,2025-05-15 07:24:00+00:00,,,,2
2969,2373,Cancelled,F,2025-01-22 18:53:00+00:00,,,,1
2987,2389,Cancelled,F,2024-07-30 15:14:00+00:00,,,,2
2993,2395,Cancelled,F,2025-05-27 15:58:03.667680+00:00,,,,1
3008,2403,Cancelled,F,2021-01-19 01:46:00+00:00,,,,2
3031,2417,Cancelled,F,2025-01-08 04:49:00+00:00,,,,2
3038,2424,Cancelled,F,2025-02-16 04:45:00+00:00,,,,1
3042,2425,Cancelled,F,2024-09-23 11:44:00+00:00,,,,1
3098,2471,Cancelled,F,2024-11-11 04:34:00+00:00,,,,2
3120,2489,Cancelled,F,2024-07-12 16:40:00+00:00,,,,4
3148,2504,Cancelled,F,2022-12-09 15:57:00+00:00,,,,1
3149,2504,Cancelled,F,2021-05-17 15:57:00+00:00,,,,2
3157,2510,Cancelled,F,2025-01-29 12:22:00+00:00,,,,1
3158,2512,Cancelled,F,2024-08-03 00:28:00+00:00,,,,2
3161,2517,Cancelled,F,2024-10-09 15:27:00+00:00,,,,1
3180,2532,Cancelled,F,2024-04-23 08:11:00+00:00,,,,2
3188,2540,Cancelled,F,2023-07-11 13:25:00+00:00,,,,1
3194,2543,Cancelled,F,2024-06-10 16:05:00+00:00,,,,2
3206,2552,Cancelled,F,2024-09-28 17:22:00+00:00,,,,2
3225,2569,Cancelled,F,2024-11-19 03:12:00+00:00,,,,2
3228,2569,Cancelled,F,2022-11-06 03:12:00+00:00,,,,1
3241,2581,Cancelled,F,2024-08-10 00:22:00+00:00,,,,1
3255,2594,Cancelled,F,2023-12-15 12:15:00+00:00,,,,1
3288,2624,Cancelled,F,2021-06-08 10:18:00+00:00,,,,1
3302,2639,Cancelled,F,2023-09-05 10:27:00+00:00,,,,1
3321,2655,Cancelled,F,2024-11-25 11:50:00+00:00,,,,1
3326,2661,Cancelled,F,2024-04-17 01:23:00+00:00,,,,2
3341,2678,Cancelled,F,2024-11-20 18:21:00+00:00,,,,1
3346,2681,Cancelled,F,2024-09-15 04:43:00+00:00,,,,1
3348,2683,Cancelled,F,2023-07-02 06:47:00+00:00,,,,4
3356,2691,Cancelled,F,2025-04-18 10:06:00+00:00,,,,2
3363,2694,Cancelled,F,2024-12-14 17:46:00+00:00,,,,1
3383,2712,Cancelled,F,2023-05-03 15:08:00+00:00,,,,1
3419,2741,Cancelled,F,2023-04-22 12:53:00+00:00,,,,1
3420,2741,Cancelled,F,2023-08-20 12:53:00+00:00,,,,1
3456,2765,Cancelled,F,2025-05-25 03:11:11.667909+00:00,,,,4
3459,2767,Cancelled,F,2023-05-31 00:57:00+00:00,,,,1
3467,2772,Cancelled,F,2020-08-17 09:53:00+00:00,,,,1
3480,2783,Cancelled,F,2025-05-19 11:51:00+00:00,,,,1
3481,2784,Cancelled,F,2024-04-23 18:41:00+00:00,,,,1
3493,2798,Cancelled,F,2024-05-17 14:10:00+00:00,,,,1
3523,2825,Cancelled,F,2025-04-23 11:36:00+00:00,,,,1
3525,2826,Cancelled,F,2024-12-16 05:27:00+00:00,,,,1
3527,2826,Cancelled,F,2025-04-24 05:27:00+00:00,,,,2
3533,2830,Cancelled,F,2024-04-02 09:25:00+00:00,,,,1
3537,2834,Cancelled,F,2025-05-24 06:17:13.181284+00:00,,,,2
3538,2836,Cancelled,F,2024-09-04 05:46:00+00:00,,,,1
3555,2845,Cancelled,F,2025-02-06 15:52:00+00:00,,,,1
3606,2887,Cancelled,F,2025-03-12 16:11:00+00:00,,,,1
3607,2888,Cancelled,F,2024-11-18 18:45:00+00:00,,,,1
3611,2890,Cancelled,F,2024-04-13 11:13:00+00:00,,,,1
3612,2890,Cancelled,F,2024-08-12 11:13:00+00:00,,,,1
3619,2897,Cancelled,F,2025-05-06 07:07:00+00:00,,,,4
3631,2907,Cancelled,F,2022-04-28 05:45:00+00:00,,,,1
3703,2965,Cancelled,F,2025-01-08 10:36:00+00:00,,,,2
3710,2974,Cancelled,F,2023-06-25 10:33:00+00:00,,,,1
3712,2974,Cancelled,F,2023-12-18 10:33:00+00:00,,,,3
3717,2982,Cancelled,F,2020-05-19 11:16:00+00:00,,,,4
3727,2995,Cancelled,F,2022-02-17 10:35:00+00:00,,,,2
3735,3000,Cancelled,F,2021-05-14 15:33:00+00:00,,,,1
3739,3003,Cancelled,F,2023-01-12 02:53:00+00:00,,,,1
3751,3012,Cancelled,F,2023-05-15 14:23:00+00:00,,,,1
3752,3012,Cancelled,F,2024-06-12 14:23:00+00:00,,,,1
3763,3018,Cancelled,F,2023-01-07 13:10:00+00:00,,,,2
3768,3023,Cancelled,F,2024-06-21 01:57:00+00:00,,,,1
3786,3037,Cancelled,F,2025-03-23 04:59:00+00:00,,,,1
3789,3039,Cancelled,F,2024-02-21 14:57:00+00:00,,,,1
3805,3052,Cancelled,F,2025-02-04 14:12:00+00:00,,,,2
3822,3065,Cancelled,F,2025-05-14 06:07:00+00:00,,,,2
3838,3081,Cancelled,F,2023-05-27 01:53:00+00:00,,,,1
3854,3096,Cancelled,F,2024-05-23 08:18:00+00:00,,,,2
3891,3126,Cancelled,F,2024-12-27 07:38:00+00:00,,,,1
3894,3127,Cancelled,F,2024-02-25 03:07:00+00:00,,,,1
3900,3133,Cancelled,F,2024-07-28 14:52:00+00:00,,,,1
3902,3134,Cancelled,F,2023-07-16 02:28:00+00:00,,,,1
3916,3145,Cancelled,F,2021-11-19 13:52:00+00:00,,,,2
3940,3168,Cancelled,F,2025-04-17 17:22:00+00:00,,,,1
3946,3172,Cancelled,F,2025-01-06 14:11:00+00:00,,,,3
3960,3184,Cancelled,F,2024-04-28 11:23:00+00:00,,,,1
3985,3202,Cancelled,F,2024-06-15 00:05:00+00:00,,,,1
3992,3204,Cancelled,F,2024-08-18 16:48:00+00:00,,,,1
4006,3214,Cancelled,F,2025-02-10 15:52:00+00:00,,,,2
4033,3235,Cancelled,F,2025-01-28 00:25:00+00:00,,,,1
4056,3254,Cancelled,F,2024-06-24 08:23:00+00:00,,,,2
4069,3265,Cancelled,F,2025-05-14 10:59:00+00:00,,,,1
4070,3265,Cancelled,F,2025-04-13 10:59:00+00:00,,,,1
4076,3269,Cancelled,F,2025-05-23 08:34:00+00:00,,,,4
4088,3278,Cancelled,F,2025-04-23 18:21:00+00:00,,,,3
4120,3306,Cancelled,F,2024-12-01 10:12:00+00:00,,,,1
4122,3307,Cancelled,F,2021-11-08 05:32:00+00:00,,,,2
4174,3346,Cancelled,F,2025-04-29 05:18:00+00:00,,,,1
4179,3349,Cancelled,F,2021-01-30 10:16:00+00:00,,,,1
4212,3380,Cancelled,F,2025-05-24 08:00:00+00:00,,,,1
4247,3410,Cancelled,F,2023-08-18 10:18:00+00:00,,,,2
4253,3416,Cancelled,F,2024-07-26 14:58:00+00:00,,,,2
4264,3423,Cancelled,F,2021-03-21 05:04:00+00:00,,,,2
4268,3425,Cancelled,F,2023-07-16 12:24:00+00:00,,,,1
4280,3437,Cancelled,F,2024-10-13 17:23:00+00:00,,,,1
4287,3440,Cancelled,F,2025-02-02 03:39:00+00:00,,,,1
4354,3487,Cancelled,F,2024-08-27 07:48:00+00:00,,,,1
4378,3509,Cancelled,F,2025-05-10 16:44:00+00:00,,,,2
4379,3509,Cancelled,F,2025-05-12 16:44:00+00:00,,,,1
4381,3512,Cancelled,F,2025-01-03 10:15:00+00:00,,,,3
4389,3520,Cancelled,F,2024-09-18 17:50:00+00:00,,,,1
4406,3531,Cancelled,F,2025-04-02 03:14:00+00:00,,,,1
4417,3538,Cancelled,F,2024-06-27 09:35:00+00:00,,,,1
4422,3542,Cancelled,F,2024-12-04 03:27:00+00:00,,,,1
4426,3547,Cancelled,F,2023-03-24 00:37:00+00:00,,,,2
4431,3552,Cancelled,F,2020-10-15 04:11:00+00:00,,,,1
4439,3557,Cancelled,F,2022-01-05 10:44:00+00:00,,,,1
4450,3567,Cancelled,F,2023-02-16 00:29:00+00:00,,,,1
4455,3575,Cancelled,F,2024-07-28 15:41:00+00:00,,,,2
4457,3577,Cancelled,F,2025-05-07 16:33:00+00:00,,,,1
4473,3594,Cancelled,F,2024-01-12 08:16:00+00:00,,,,2
4474,3595,Cancelled,F,2022-11-23 00:26:00+00:00,,,,1
4487,3601,Cancelled,F,2021-02-08 10:12:00+00:00,,,,1
4492,3604,Cancelled,F,2022-07-29 05:39:00+00:00,,,,4
4494,3604,Cancelled,F,2024-10-05 05:39:00+00:00,,,,1
4498,3607,Cancelled,F,2025-01-24 17:19:00+00:00,,,,1
4525,3633,Cancelled,F,2021-10-21 09:09:00+00:00,,,,1
4535,3642,Cancelled,F,2025-01-18 12:12:00+00:00,,,,1
4536,3643,Cancelled,F,2024-11-24 14:32:00+00:00,,,,1
4537,3644,Cancelled,F,2023-09-17 14:33:00+00:00,,,,2
4570,3671,Cancelled,F,2024-06-06 03:12:00+00:00,,,,1
4587,3685,Cancelled,F,2021-04-25 08:16:00+00:00,,,,2
4614,3707,Cancelled,F,2023-05-28 04:42:00+00:00,,,,2
4624,3716,Cancelled,F,2020-12-06 17:39:00+00:00,,,,3
4634,3726,Cancelled,F,2024-05-22 07:34:00+00:00,,,,2
4635,3726,Cancelled,F,2025-03-13 07:34:00+00:00,,,,1
4651,3738,Cancelled,F,2023-04-06 14:45:00+00:00,,,,3
4677,3760,Cancelled,F,2024-10-07 02:43:00+00:00,,,,1
4682,3764,Cancelled,F,2024-06-19 00:45:00+00:00,,,,1
4687,3769,Cancelled,F,2025-05-17 08:22:00+00:00,,,,1
4695,3774,Cancelled,F,2024-06-20 09:10:00+00:00,,,,1
4714,3792,Cancelled,F,2021-11-18 01:59:00+00:00,,,,1
4746,3816,Cancelled,F,2024-09-29 15:57:00+00:00,,,,1
4753,3821,Cancelled,F,2024-10-15 18:17:00+00:00,,,,2
4768,3835,Cancelled,F,2023-07-11 17:36:00+00:00,,,,1
4779,3847,Cancelled,F,2024-10-14 03:24:00+00:00,,,,1
4843,3904,Cancelled,F,2021-11-21 06:27:00+00:00,,,,1
4851,3911,Cancelled,F,2022-05-11 14:23:00+00:00,,,,2
4853,3913,Cancelled,F,2025-05-25 02:09:00+00:00,,,,1
4864,3921,Cancelled,F,2024-05-22 09:27:00+00:00,,,,2
4884,3940,Cancelled,F,2024-10-03 00:49:00+00:00,,,,2
4888,3943,Cancelled,F,2025-01-26 08:24:00+00:00,,,,1
4904,3953,Cancelled,F,2019-07-29 15:37:00+00:00,,,,1
4911,3959,Cancelled,F,2025-03-25 02:30:00+00:00,,,,1
4926,3971,Cancelled,F,2024-12-02 03:48:00+00:00,,,,1
4941,3981,Cancelled,F,2024-01-11 00:19:00+00:00,,,,2
4952,3998,Cancelled,F,2022-06-16 04:26:00+00:00,,,,1
5003,4043,Cancelled,F,2020-12-19 00:42:00+00:00,,,,2
5005,4044,Cancelled,F,2020-08-06 03:42:00+00:00,,,,1
5013,4055,Cancelled,F,2023-01-09 01:13:00+00:00,,,,1
5038,4073,Cancelled,F,2024-08-19 09:46:00+00:00,,,,2
5040,4073,Cancelled,F,2023-06-25 09:46:00+00:00,,,,1
5057,4093,Cancelled,F,2023-04-10 14:16:00+00:00,,,,1
5088,4113,Cancelled,F,2025-05-15 08:16:00+00:00,,,,2
5094,4120,Cancelled,F,2025-03-14 12:20:00+00:00,,,,2
5095,4122,Cancelled,F,2024-09-29 14:33:00+00:00,,,,1
5105,4132,Cancelled,F,2022-01-31 03:33:00+00:00,,,,1
5106,4132,Cancelled,F,2020-04-08 03:33:00+00:00,,,,1
5116,4138,Cancelled,F,2024-10-13 17:05:00+00:00,,,,1
5117,4139,Cancelled,F,2025-04-18 07:56:00+00:00,,,,1
5163,4175,Cancelled,F,2023-04-24 02:25:00+00:00,,,,2
5188,4193,Cancelled,F,2025-04-27 09:49:00+00:00,,,,3
5189,4194,Cancelled,F,2024-02-05 18:01:00+00:00,,,,4
5190,4194,Cancelled,F,2024-12-31 18:01:00+00:00,,,,1
5193,4197,Cancelled,F,2021-02-18 02:35:00+00:00,,,,1
5203,4205,Cancelled,F,2022-11-24 01:40:00+00:00,,,,4
5221,4222,Cancelled,F,2023-06-29 16:46:00+00:00,,,,1
5223,4225,Cancelled,F,2021-04-20 14:43:00+00:00,,,,1
5228,4228,Cancelled,F,2021-02-09 01:49:00+00:00,,,,1
5237,4232,Cancelled,F,2022-05-29 13:02:00+00:00,,,,2
5245,4240,Cancelled,F,2025-05-22 15:04:00+00:00,,,,2
5277,4261,Cancelled,F,2025-05-24 10:38:00+00:00,,,,1
5278,4261,Cancelled,F,2024-11-11 10:38:00+00:00,,,,2
5284,4266,Cancelled,F,2025-05-11 16:31:00+00:00,,,,1
5300,4278,Cancelled,F,2024-03-16 16:44:00+00:00,,,,1
5317,4289,Cancelled,F,2023-06-13 11:06:00+00:00,,,,1
5319,4292,Cancelled,F,2023-07-29 05:45:00+00:00,,,,2
5322,4294,Cancelled,F,2024-01-31 08:59:00+00:00,,,,1
5334,4301,Cancelled,F,2025-04-14 11:38:00+00:00,,,,1
5340,4307,Cancelled,F,2023-11-02 15:44:00+00:00,,,,2
5352,4317,Cancelled,F,2025-02-16 09:13:00+00:00,,,,1
5366,4336,Cancelled,F,2024-11-08 12:39:00+00:00,,,,1
5371,4338,Cancelled,F,2022-01-01 04:57:00+00:00,,,,1
5385,4349,Cancelled,F,2022-10-06 05:57:00+00:00,,,,2
5386,4351,Cancelled,F,2023-07-21 00:04:00+00:00,,,,1
5388,4351,Cancelled,F,2021-04-26 00:04:00+00:00,,,,2
5396,4357,Cancelled,F,2025-03-15 07:41:00+00:00,,,,1
5399,4358,Cancelled,F,2024-12-06 02:23:00+00:00,,,,1
5400,4358,Cancelled,F,2024-12-31 02:23:00+00:00,,,,1
5402,4358,Cancelled,F,2024-04-02 02:23:00+00:00,,,,1
5407,4360,Cancelled,F,2024-10-01 02:04:00+00:00,,,,2
5416,4369,Cancelled,F,2025-05-21 18:29:00+00:00,,,,3
5444,4388,Cancelled,F,2023-01-16 12:49:00+00:00,,,,1
5490,4415,Cancelled,F,2021-11-26 07:04:00+00:00,,,,1
5491,4416,Cancelled,F,2024-09-28 05:10:00+00:00,,,,1
5497,4419,Cancelled,F,2023-11-02 08:45:00+00:00,,,,1
5498,4419,Cancelled,F,2023-10-03 08:45:00+00:00,,,,1
5504,4425,Cancelled,F,2025-05-09 01:02:00+00:00,,,,1
5506,4425,Cancelled,F,2025-03-24 01:02:00+00:00,,,,1
5510,4430,Cancelled,F,2023-07-10 11:25:00+00:00,,,,1
5512,4434,Cancelled,F,2022-12-15 06:02:00+00:00,,,,1
5515,4435,Cancelled,F,2023-08-20 10:24:00+00:00,,,,2
5535,4455,Cancelled,F,2022-11-20 04:04:00+00:00,,,,1
5554,4465,Cancelled,F,2024-09-11 02:31:00+00:00,,,,1
5556,4468,Cancelled,F,2022-03-23 11:06:00+00:00,,,,1
5577,4485,Cancelled,F,2025-04-12 05:11:00+00:00,,,,2
5599,4494,Cancelled,F,2024-08-22 08:13:00+00:00,,,,1
5618,4512,Cancelled,F,2024-07-31 17:58:00+00:00,,,,1
5628,4519,Cancelled,F,2020-05-23 09:52:00+00:00,,,,1
5639,4530,Cancelled,F,2022-10-22 11:46:00+00:00,,,,1
5644,4533,Cancelled,F,2022-01-15 01:32:00+00:00,,,,1
5651,4538,Cancelled,F,2024-11-04 08:05:00+00:00,,,,1
5653,4539,Cancelled,F,2024-12-24 05:43:00+00:00,,,,3
5654,4540,Cancelled,F,2020-09-13 02:51:00+00:00,,,,2
5664,4551,Cancelled,F,2022-11-13 13:42:00+00:00,,,,1
5666,4552,Cancelled,F,2024-12-24 08:51:00+00:00,,,,3
5667,4553,Cancelled,F,2021-08-23 05:03:00+00:00,,,,1
5676,4559,Cancelled,F,2024-01-27 09:18:00+00:00,,,,1
5686,4568,Cancelled,F,2020-05-04 00:14:00+00:00,,,,1
5694,4576,Cancelled,F,2025-03-01 10:10:00+00:00,,,,1
5702,4585,Cancelled,F,2025-05-25 03:45:50.983249+00:00,,,,1
5703,4585,Cancelled,F,2025-05-25 03:45:50.983249+00:00,,,,1
5715,4596,Cancelled,F,2024-10-15 09:26:00+00:00,,,,3
5728,4606,Cancelled,F,2024-12-29 07:08:00+00:00,,,,1
5743,4618,Cancelled,F,2024-07-11 13:50:00+00:00,,,,3
5747,4622,Cancelled,F,2024-04-28 06:52:00+00:00,,,,1
5751,4623,Cancelled,F,2024-06-08 11:57:00+00:00,,,,1
5759,4628,Cancelled,F,2023-11-18 16:07:00+00:00,,,,1
5762,4629,Cancelled,F,2019-12-25 04:08:00+00:00,,,,3
5765,4632,Cancelled,F,2025-03-11 07:03:00+00:00,,,,2
5772,4637,Cancelled,F,2024-01-27 16:42:00+00:00,,,,1
5774,4639,Cancelled,F,2023-10-26 10:24:00+00:00,,,,1
5812,4668,Cancelled,F,2024-04-18 07:47:00+00:00,,,,1
5813,4669,Cancelled,F,2023-02-22 08:58:00+00:00,,,,2
5849,4701,Cancelled,F,2022-06-11 13:56:00+00:00,,,,1
5852,4703,Cancelled,F,2023-01-12 07:20:00+00:00,,,,2
5882,4727,Cancelled,F,2024-10-22 18:27:00+00:00,,,,1
5912,4755,Cancelled,F,2025-03-03 09:03:00+00:00,,,,1
5920,4765,Cancelled,F,2023-06-02 18:15:00+00:00,,,,1
5925,4766,Cancelled,F,2023-05-30 13:43:00+00:00,,,,1
5977,4807,Cancelled,F,2024-01-03 00:30:00+00:00,,,,1
5997,4820,Cancelled,F,2024-12-06 09:02:00+00:00,,,,1
5999,4821,Cancelled,F,2021-02-27 12:11:00+00:00,,,,1
6008,4832,Cancelled,F,2024-12-06 09:06:00+00:00,,,,1
6009,4833,Cancelled,F,2021-04-03 03:35:00+00:00,,,,1
6021,4842,Cancelled,F,2025-01-22 06:24:00+00:00,,,,1
6037,4855,Cancelled,F,2024-01-14 14:28:00+00:00,,,,2
6040,4856,Cancelled,F,2024-03-25 18:34:00+00:00,,,,1
6052,4863,Cancelled,F,2024-02-27 14:08:00+00:00,,,,1
6063,4873,Cancelled,F,2024-03-01 05:03:00+00:00,,,,1
6068,4877,Cancelled,F,2024-10-16 15:11:00+00:00,,,,1
6069,4877,Cancelled,F,2024-08-31 15:11:00+00:00,,,,1
6092,4898,Cancelled,F,2025-04-10 17:15:00+00:00,,,,2
6095,4898,Cancelled,F,2025-01-27 17:15:00+00:00,,,,1
6105,4906,Cancelled,F,2025-01-17 04:11:00+00:00,,,,1
6112,4912,Cancelled,F,2024-04-03 07:54:00+00:00,,,,1
6114,4916,Cancelled,F,2025-05-22 14:24:00+00:00,,,,1
6123,4923,Cancelled,F,2020-08-07 05:52:00+00:00,,,,1
6132,4931,Cancelled,F,2023-04-28 12:33:00+00:00,,,,1
6147,4943,Cancelled,F,2021-05-11 11:48:00+00:00,,,,2
6173,4964,Cancelled,F,2023-06-30 02:32:00+00:00,,,,1
6177,4968,Cancelled,F,2025-05-27 14:33:59.127280+00:00,,,,1
6193,4982,Cancelled,F,2025-04-24 01:50:00+00:00,,,,1
6247,5028,Cancelled,F,2022-07-08 16:12:00+00:00,,,,1
6262,5041,Cancelled,F,2024-07-04 10:44:00+00:00,,,,1
6287,5060,Cancelled,F,2024-10-19 04:30:00+00:00,,,,1
6301,5069,Cancelled,F,2022-03-24 11:59:00+00:00,,,,1
6343,5100,Cancelled,F,2025-04-28 08:13:00+00:00,,,,1
6351,5106,Cancelled,F,2025-04-25 00:12:00+00:00,,,,1
6391,5128,Cancelled,F,2025-03-19 08:09:00+00:00,,,,1
6417,5147,Cancelled,F,2024-12-27 15:56:00+00:00,,,,2
6420,5151,Cancelled,F,2023-12-09 16:32:00+00:00,,,,2
6437,5170,Cancelled,F,2024-06-15 06:49:00+00:00,,,,1
6488,5211,Cancelled,F,2025-05-26 18:59:04.365097+00:00,,,,1
6491,5212,Cancelled,F,2024-11-30 04:11:00+00:00,,,,1
6493,5213,Cancelled,F,2025-05-09 17:05:00+00:00,,,,1
6508,5226,Cancelled,F,2024-08-03 05:40:00+00:00,,,,1
6550,5261,Cancelled,F,2025-05-25 09:33:00+00:00,,,,1
6558,5267,Cancelled,F,2024-07-18 11:46:00+00:00,,,,1
6576,5281,Cancelled,F,2025-01-14 16:09:00+00:00,,,,4
6616,5308,Cancelled,F,2023-07-01 12:21:00+00:00,,,,1
6627,5315,Cancelled,F,2024-07-22 02:36:00+00:00,,,,2
6628,5316,Cancelled,F,2024-09-08 18:20:00+00:00,,,,1
6643,5328,Cancelled,F,2023-09-12 15:58:00+00:00,,,,1
6652,5340,Cancelled,F,2025-03-06 12:10:00+00:00,,,,1
6653,5340,Cancelled,F,2025-05-09 12:10:00+00:00,,,,1
6654,5341,Cancelled,F,2023-10-25 06:54:00+00:00,,,,1
6678,5355,Cancelled,F,2025-04-14 18:24:00+00:00,,,,1
6679,5355,Cancelled,F,2024-12-28 18:24:00+00:00,,,,1
6690,5369,Cancelled,F,2020-01-21 13:15:00+00:00,,,,1
6692,5370,Cancelled,F,2022-08-19 12:00:00+00:00,,,,1
6695,5372,Cancelled,F,2022-01-15 10:42:00+00:00,,,,1
6708,5387,Cancelled,F,2022-09-12 12:08:00+00:00,,,,1
6710,5389,Cancelled,F,2021-10-25 06:30:00+00:00,,,,1
6738,5409,Cancelled,F,2022-06-14 13:41:00+00:00,,,,1
6739,5409,Cancelled,F,2024-05-20 13:41:00+00:00,,,,1
6790,5446,Cancelled,F,2025-05-25 13:29:09.487067+00:00,,,,1
6791,5447,Cancelled,F,2025-04-18 05:59:00+00:00,,,,2
6794,5449,Cancelled,F,2023-08-05 12:18:00+00:00,,,,2
6796,5453,Cancelled,F,2023-03-02 05:13:00+00:00,,,,1
6809,5463,Cancelled,F,2025-03-29 01:24:00+00:00,,,,1
6812,5467,Cancelled,F,2024-07-09 18:27:00+00:00,,,,1
6832,5482,Cancelled,F,2022-02-01 13:31:00+00:00,,,,3
6848,5493,Cancelled,F,2025-02-20 11:39:00+00:00,,,,1
6851,5494,Cancelled,F,2024-11-06 04:12:00+00:00,,,,2
6870,5508,Cancelled,F,2023-12-12 17:32:00+00:00,,,,1
6873,5510,Cancelled,F,2023-09-08 00:27:00+00:00,,,,1
6885,5524,Cancelled,F,2025-05-25 14:38:11.183203+00:00,,,,1
6896,5533,Cancelled,F,2021-11-19 15:06:00+00:00,,,,1
6900,5537,Cancelled,F,2025-03-08 09:06:00+00:00,,,,1
6934,5557,Cancelled,F,2022-02-15 05:43:00+00:00,,,,1
6937,5559,Cancelled,F,2021-11-27 18:56:00+00:00,,,,2
6949,5569,Cancelled,F,2020-11-11 06:29:00+00:00,,,,1
6950,5570,Cancelled,F,2024-03-28 09:26:00+00:00,,,,2
6965,5581,Cancelled,F,2025-03-08 12:11:00+00:00,,,,1
6972,5587,Cancelled,F,2023-10-14 11:56:00+00:00,,,,1
7014,5618,Cancelled,F,2025-02-25 07:15:00+00:00,,,,2
7016,5619,Cancelled,F,2020-09-01 03:02:00+00:00,,,,4
7026,5626,Cancelled,F,2025-02-20 17:33:00+00:00,,,,3
7036,5630,Cancelled,F,2022-09-24 09:39:00+00:00,,,,1
7053,5653,Cancelled,F,2024-12-07 09:08:00+00:00,,,,1
7065,5672,Cancelled,F,2021-05-11 05:31:00+00:00,,,,1
7098,5702,Cancelled,F,2024-03-04 18:56:00+00:00,,,,2
7100,5703,Cancelled,F,2022-09-19 09:26:00+00:00,,,,2
7109,5709,Cancelled,F,2024-08-22 14:02:00+00:00,,,,2
7170,5752,Cancelled,F,2022-02-26 16:56:00+00:00,,,,1
7195,5775,Cancelled,F,2024-11-20 06:45:00+00:00,,,,2
7198,5778,Cancelled,F,2024-09-28 11:16:00+00:00,,,,1
7202,5782,Cancelled,F,2025-03-09 16:14:00+00:00,,,,2
7222,5798,Cancelled,F,2022-05-14 07:20:00+00:00,,,,1
7249,5824,Cancelled,F,2024-05-11 01:24:00+00:00,,,,1
7285,5851,Cancelled,F,2025-01-12 18:35:00+00:00,,,,1
7310,5866,Cancelled,F,2022-11-11 06:26:00+00:00,,,,1
7339,5885,Cancelled,F,2022-02-02 15:48:00+00:00,,,,2
7340,5885,Cancelled,F,2023-05-26 15:48:00+00:00,,,,4
7344,5887,Cancelled,F,2024-03-06 18:16:00+00:00,,,,3
7350,5890,Cancelled,F,2023-08-17 15:00:00+00:00,,,,2
7354,5892,Cancelled,F,2021-02-11 13:02:00+00:00,,,,1
7387,5915,Cancelled,F,2023-03-04 11:49:00+00:00,,,,1
7436,5959,Cancelled,F,2024-12-27 12:12:00+00:00,,,,1
7440,5962,Cancelled,F,2024-10-30 06:13:00+00:00,,,,3
7456,5976,Cancelled,F,2024-04-05 18:51:00+00:00,,,,2
7469,5989,Cancelled,F,2025-05-19 10:24:00+00:00,,,,2
7478,5994,Cancelled,F,2024-06-07 16:02:00+00:00,,,,1
7503,6020,Cancelled,F,2024-08-06 00:23:00+00:00,,,,1
7519,6032,Cancelled,F,2025-05-05 00:45:00+00:00,,,,2
7533,6045,Cancelled,F,2024-01-06 01:22:00+00:00,,,,1
7569,6081,Cancelled,F,2024-10-11 08:19:00+00:00,,,,1
7571,6083,Cancelled,F,2023-07-04 07:11:00+00:00,,,,1
7576,6085,Cancelled,F,2025-03-17 02:09:00+00:00,,,,4
7586,6090,Cancelled,F,2025-05-25 11:00:23.225050+00:00,,,,1
7588,6092,Cancelled,F,2023-10-29 18:40:00+00:00,,,,2
7590,6093,Cancelled,F,2023-06-18 05:56:00+00:00,,,,1
7616,6115,Cancelled,F,2024-08-09 00:01:00+00:00,,,,1
7630,6123,Cancelled,F,2025-01-28 06:43:00+00:00,,,,1
7636,6127,Cancelled,F,2025-01-23 13:02:00+00:00,,,,2
7653,6147,Cancelled,F,2022-07-28 12:26:00+00:00,,,,1
7659,6152,Cancelled,F,2020-12-06 03:54:00+00:00,,,,1
7665,6157,Cancelled,F,2025-05-25 01:02:00+00:00,,,,2
7670,6160,Cancelled,F,2025-02-16 13:10:00+00:00,,,,2
7676,6163,Cancelled,F,2022-11-21 04:10:00+00:00,,,,1
7682,6166,Cancelled,F,2024-12-05 00:05:00+00:00,,,,1
7689,6176,Cancelled,F,2024-09-05 03:11:00+00:00,,,,1
7692,6180,Cancelled,F,2023-08-01 08:21:00+00:00,,,,1
7693,6180,Cancelled,F,2024-11-16 08:21:00+00:00,,,,1
7695,6181,Cancelled,F,2025-05-26 07:46:25.158238+00:00,,,,1
7702,6188,Cancelled,F,2024-11-22 17:00:00+00:00,,,,1
7704,6190,Cancelled,F,2021-02-23 11:13:00+00:00,,,,1
7710,6197,Cancelled,F,2020-06-29 17:36:00+00:00,,,,1
7711,6198,Cancelled,F,2021-10-08 18:55:00+00:00,,,,2
7714,6200,Cancelled,F,2023-01-20 04:06:00+00:00,,,,1
7723,6205,Cancelled,F,2024-03-20 09:33:00+00:00,,,,4
7726,6209,Cancelled,F,2025-04-25 15:14:00+00:00,,,,1
7729,6212,Cancelled,F,2025-03-28 14:51:00+00:00,,,,1
7738,6220,Cancelled,F,2025-03-01 12:24:00+00:00,,,,1
7742,6222,Cancelled,F,2021-03-11 04:32:00+00:00,,,,1
7769,6245,Cancelled,F,2024-06-27 17:25:00+00:00,,,,2
7771,6246,Cancelled,F,2022-04-18 00:50:00+00:00,,,,1
7780,6255,Cancelled,F,2023-10-21 18:55:00+00:00,,,,1
7781,6256,Cancelled,F,2025-05-10 11:26:00+00:00,,,,1
7808,6282,Cancelled,F,2020-05-07 10:03:00+00:00,,,,1
7819,6292,Cancelled,F,2025-04-13 04:52:00+00:00,,,,2
7821,6294,Cancelled,F,2023-01-02 12:04:00+00:00,,,,3
7825,6298,Cancelled,F,2022-12-14 10:52:00+00:00,,,,1
7827,6299,Cancelled,F,2021-11-05 05:29:00+00:00,,,,1
7835,6309,Cancelled,F,2024-11-19 08:28:00+00:00,,,,4
7892,6353,Cancelled,F,2024-08-08 17:07:00+00:00,,,,1
7910,6368,Cancelled,F,2021-06-20 11:58:00+00:00,,,,2
7920,6377,Cancelled,F,2024-06-30 05:21:00+00:00,,,,1
7927,6382,Cancelled,F,2022-10-18 03:29:00+00:00,,,,1
7950,6402,Cancelled,F,2023-05-22 02:18:00+00:00,,,,1
7980,6425,Cancelled,F,2023-03-01 14:12:00+00:00,,,,1
7996,6440,Cancelled,F,2023-11-03 05:25:00+00:00,,,,1
8015,6454,Cancelled,F,2025-03-24 05:04:00+00:00,,,,1
8017,6455,Cancelled,F,2022-05-04 04:17:00+00:00,,,,1
8051,6486,Cancelled,F,2020-12-18 15:33:00+00:00,,,,1
8065,6498,Cancelled,F,2025-05-19 07:43:00+00:00,,,,1
8075,6506,Cancelled,F,2020-10-08 06:25:00+00:00,,,,1
8085,6516,Cancelled,F,2023-10-06 11:18:00+00:00,,,,1
8122,6544,Cancelled,F,2024-02-07 16:25:00+00:00,,,,1
8125,6548,Cancelled,F,2023-11-10 07:00:00+00:00,,,,2
8135,6557,Cancelled,F,2024-03-07 00:52:00+00:00,,,,1
8139,6560,Cancelled,F,2024-05-24 01:41:00+00:00,,,,1
8149,6570,Cancelled,F,2025-05-05 05:26:00+00:00,,,,1
8154,6576,Cancelled,F,2024-02-24 06:43:00+00:00,,,,1
8176,6592,Cancelled,F,2020-12-27 15:13:00+00:00,,,,1
8184,6600,Cancelled,F,2025-05-25 07:55:34.149726+00:00,,,,3
8188,6602,Cancelled,F,2025-02-04 17:46:00+00:00,,,,3
8192,6608,Cancelled,F,2023-04-13 03:16:00+00:00,,,,1
8226,6637,Cancelled,F,2025-03-28 18:05:00+00:00,,,,2
8253,6665,Cancelled,F,2024-03-07 01:20:00+00:00,,,,1
8281,6684,Cancelled,F,2021-07-24 16:19:00+00:00,,,,2
8332,6719,Cancelled,F,2024-01-09 10:29:00+00:00,,,,1
8349,6732,Cancelled,F,2023-12-07 13:23:00+00:00,,,,2
8364,6745,Cancelled,F,2022-03-18 01:24:00+00:00,,,,2
8373,6753,Cancelled,F,2022-06-12 12:55:00+00:00,,,,2
8395,6774,Cancelled,F,2024-11-04 09:16:00+00:00,,,,2
8420,6796,Cancelled,F,2023-06-02 10:40:00+00:00,,,,4
8421,6796,Cancelled,F,2021-04-29 10:40:00+00:00,,,,1
8424,6797,Cancelled,F,2025-01-01 10:34:00+00:00,,,,2
8427,6799,Cancelled,F,2023-01-28 06:56:00+00:00,,,,1
8444,6812,Cancelled,F,2024-03-28 06:26:00+00:00,,,,2
8457,6822,Cancelled,F,2025-05-06 04:59:00+00:00,,,,1
8460,6824,Cancelled,F,2023-12-25 11:24:00+00:00,,,,1
8475,6838,Cancelled,F,2022-03-01 15:25:00+00:00,,,,2
8488,6849,Cancelled,F,2022-11-05 12:04:00+00:00,,,,1
8528,6877,Cancelled,F,2024-10-09 16:11:00+00:00,,,,2
8540,6886,Cancelled,F,2022-03-09 16:52:00+00:00,,,,4
8547,6893,Cancelled,F,2024-12-16 13:14:00+00:00,,,,1
8595,6940,Cancelled,F,2024-09-07 12:59:00+00:00,,,,2
8601,6945,Cancelled,F,2023-04-17 04:27:00+00:00,,,,1
8608,6949,Cancelled,F,2022-03-20 00:14:00+00:00,,,,1
8632,6969,Cancelled,F,2024-01-22 15:17:00+00:00,,,,2
8646,6977,Cancelled,F,2022-03-12 04:32:00+00:00,,,,1
8660,6989,Cancelled,F,2024-06-26 09:35:00+00:00,,,,2
8679,7003,Cancelled,F,2023-11-10 11:04:00+00:00,,,,1
8697,7020,Cancelled,F,2024-02-25 01:55:00+00:00,,,,1
8726,7051,Cancelled,F,2024-11-08 01:50:00+00:00,,,,2
8728,7053,Cancelled,F,2024-10-23 18:37:00+00:00,,,,2
8745,7068,Cancelled,F,2024-10-02 02:46:00+00:00,,,,4
8750,7072,Cancelled,F,2022-06-10 08:00:00+00:00,,,,1
8751,7073,Cancelled,F,2025-02-21 06:28:00+00:00,,,,3
8770,7090,Cancelled,F,2021-10-27 06:00:00+00:00,,,,1
8777,7094,Cancelled,F,2023-04-06 16:13:00+00:00,,,,2
8816,7127,Cancelled,F,2025-02-23 12:23:00+00:00,,,,1
8859,7164,Cancelled,F,2024-05-05 08:11:00+00:00,,,,4
8867,7169,Cancelled,F,2024-07-25 03:14:00+00:00,,,,1
8890,7189,Cancelled,F,2021-11-25 12:30:00+00:00,,,,3
8897,7196,Cancelled,F,2024-01-28 04:58:00+00:00,,,,1
8907,7205,Cancelled,F,2023-01-18 16:00:00+00:00,,,,1
8930,7225,Cancelled,F,2025-03-03 00:41:00+00:00,,,,1
8933,7226,Cancelled,F,2025-04-15 03:38:00+00:00,,,,1
8934,7226,Cancelled,F,2023-09-06 03:38:00+00:00,,,,1
8935,7228,Cancelled,F,2023-12-10 06:04:00+00:00,,,,1
8947,7237,Cancelled,F,2025-05-24 04:25:47.721732+00:00,,,,1
8956,7245,Cancelled,F,2024-10-04 07:03:00+00:00,,,,1
8957,7245,Cancelled,F,2023-04-06 07:03:00+00:00,,,,1
8968,7257,Cancelled,F,2023-08-06 13:43:00+00:00,,,,1
9007,7282,Cancelled,F,2023-12-28 01:49:00+00:00,,,,4
9012,7286,Cancelled,F,2023-08-25 05:14:00+00:00,,,,3
9040,7308,Cancelled,F,2023-09-02 07:31:00+00:00,,,,3
9071,7326,Cancelled,F,2023-09-29 07:03:00+00:00,,,,1
9076,7331,Cancelled,F,2024-02-13 10:11:00+00:00,,,,1
9081,7336,Cancelled,F,2021-07-31 06:36:00+00:00,,,,1
9089,7342,Cancelled,F,2025-04-22 07:58:00+00:00,,,,1
9093,7345,Cancelled,F,2024-06-14 00:38:00+00:00,,,,1
9109,7359,Cancelled,F,2021-08-08 03:08:00+00:00,,,,1
9114,7361,Cancelled,F,2022-11-22 14:57:00+00:00,,,,1
9115,7363,Cancelled,F,2024-12-17 06:07:00+00:00,,,,1
9126,7370,Cancelled,F,2022-03-20 18:33:00+00:00,,,,1
9146,7385,Cancelled,F,2022-11-03 14:35:00+00:00,,,,1
9149,7385,Cancelled,F,2021-06-06 14:35:00+00:00,,,,2
9180,7406,Cancelled,F,2024-06-14 01:48:00+00:00,,,,1
9183,7408,Cancelled,F,2025-01-07 03:09:00+00:00,,,,1
9193,7414,Cancelled,F,2024-10-15 16:23:00+00:00,,,,4
9206,7424,Cancelled,F,2024-07-22 16:30:00+00:00,,,,1
9208,7426,Cancelled,F,2023-03-01 03:29:00+00:00,,,,1
9212,7428,Cancelled,F,2024-12-27 17:03:00+00:00,,,,1
9213,7428,Cancelled,F,2023-09-03 17:03:00+00:00,,,,1
9245,7450,Cancelled,F,2024-12-11 16:39:00+00:00,,,,1
9284,7482,Cancelled,F,2024-10-06 03:47:00+00:00,,,,1
9295,7488,Cancelled,F,2024-07-19 00:47:00+00:00,,,,2
9296,7488,Cancelled,F,2020-07-12 00:47:00+00:00,,,,1
9298,7493,Cancelled,F,2025-01-04 02:07:00+00:00,,,,4
9308,7501,Cancelled,F,2023-02-23 18:46:00+00:00,,,,1
9328,7519,Cancelled,F,2021-03-28 05:25:00+00:00,,,,1
9339,7526,Cancelled,F,2025-05-27 03:01:54.136880+00:00,,,,1
9396,7568,Cancelled,F,2022-09-07 12:04:00+00:00,,,,1
9428,7589,Cancelled,F,2023-07-31 03:40:00+00:00,,,,1
9445,7608,Cancelled,F,2025-04-02 00:56:00+00:00,,,,2
9468,7628,Cancelled,F,2025-05-27 13:37:56.399208+00:00,,,,1
9469,7630,Cancelled,F,2025-05-23 03:54:56.439084+00:00,,,,1
9471,7631,Cancelled,F,2024-12-02 10:31:00+00:00,,,,1
9473,7632,Cancelled,F,2021-08-10 07:16:00+00:00,,,,2
9482,7637,Cancelled,F,2024-06-06 00:47:00+00:00,,,,1
9493,7646,Cancelled,F,2023-10-24 01:38:00+00:00,,,,3
9535,7673,Cancelled,F,2022-07-27 14:43:00+00:00,,,,1
9541,7677,Cancelled,F,2025-04-01 15:50:00+00:00,,,,4
9544,7678,Cancelled,F,2024-09-09 04:18:00+00:00,,,,1
9549,7684,Cancelled,F,2025-02-14 07:12:00+00:00,,,,1
9558,7688,Cancelled,F,2024-02-05 04:56:00+00:00,,,,1
9559,7689,Cancelled,F,2022-07-23 09:01:00+00:00,,,,1
9574,7703,Cancelled,F,2025-03-14 01:09:00+00:00,,,,2
9577,7705,Cancelled,F,2024-12-16 01:00:00+00:00,,,,2
9579,7706,Cancelled,F,2021-01-26 12:14:00+00:00,,,,1
9581,7706,Cancelled,F,2022-09-12 12:14:00+00:00,,,,1
9599,7725,Cancelled,F,2022-06-24 01:42:00+00:00,,,,1
9606,7730,Cancelled,F,2023-05-21 16:30:00+00:00,,,,3
9611,7732,Cancelled,F,2024-03-24 17:48:00+00:00,,,,1
9614,7734,Cancelled,F,2022-02-08 13:35:00+00:00,,,,1
9616,7735,Cancelled,F,2021-12-08 11:17:00+00:00,,,,1
9638,7754,Cancelled,F,2023-11-26 05:25:00+00:00,,,,1
9640,7755,Cancelled,F,2025-05-19 06:42:00+00:00,,,,1
9642,7756,Cancelled,F,2024-12-22 00:46:00+00:00,,,,1
9643,7756,Cancelled,F,2025-05-01 00:46:00+00:00,,,,1
9646,7758,Cancelled,F,2022-03-10 10:37:00+00:00,,,,1
9647,7759,Cancelled,F,2024-07-15 13:54:00+00:00,,,,4
9648,7759,Cancelled,F,2022-07-06 13:54:00+00:00,,,,1
9693,7791,Cancelled,F,2025-02-11 14:05:00+00:00,,,,1
9708,7801,Cancelled,F,2024-10-09 02:06:00+00:00,,,,1
9717,7808,Cancelled,F,2024-08-12 16:47:00+00:00,,,,2
9759,7840,Cancelled,F,2024-07-23 15:07:00+00:00,,,,1
9770,7851,Cancelled,F,2023-07-19 15:45:00+00:00,,,,1
9794,7865,Cancelled,F,2022-02-03 05:06:00+00:00,,,,1
9799,7870,Cancelled,F,2023-07-31 00:03:00+00:00,,,,1
9809,7878,Cancelled,F,2024-08-11 04:36:00+00:00,,,,1
9823,7886,Cancelled,F,2024-03-03 10:09:00+00:00,,,,1
9829,7892,Cancelled,F,2024-08-03 01:09:00+00:00,,,,4
9877,7928,Cancelled,F,2023-11-11 01:16:00+00:00,,,,2
9879,7929,Cancelled,F,2023-08-31 18:53:00+00:00,,,,1
9907,7957,Cancelled,F,2021-05-03 18:43:00+00:00,,,,1
9942,7978,Cancelled,F,2024-08-03 17:24:00+00:00,,,,2
9950,7983,Cancelled,F,2020-06-17 09:08:00+00:00,,,,1
9954,7989,Cancelled,F,2024-10-31 10:12:00+00:00,,,,3
9964,7999,Cancelled,F,2024-05-31 05:52:00+00:00,,,,2
9989,8016,Cancelled,F,2022-09-28 16:12:00+00:00,,,,2
9991,8016,Cancelled,F,2022-07-30 16:12:00+00:00,,,,1
9997,8019,Cancelled,F,2025-05-16 15:38:00+00:00,,,,1
10006,8027,Cancelled,F,2025-04-06 08:48:00+00:00,,,,1
10009,8029,Cancelled,F,2024-03-03 05:47:00+00:00,,,,1
10024,8044,Cancelled,F,2021-10-25 15:38:00+00:00,,,,1
10048,8057,Cancelled,F,2025-01-02 07:12:00+00:00,,,,1
10057,8066,Cancelled,F,2022-12-09 17:49:00+00:00,,,,1
10070,8072,Cancelled,F,2022-11-26 12:09:00+00:00,,,,2
10071,8072,Cancelled,F,2025-05-09 12:09:00+00:00,,,,1
10089,8084,Cancelled,F,2024-07-30 01:43:00+00:00,,,,2
10108,8100,Cancelled,F,2025-04-22 12:45:00+00:00,,,,1
10109,8100,Cancelled,F,2025-05-21 12:45:00+00:00,,,,1
10134,8121,Cancelled,F,2025-05-26 14:49:07.000915+00:00,,,,1
10135,8121,Cancelled,F,2025-05-26 14:49:07.000915+00:00,,,,1
10136,8122,Cancelled,F,2022-09-06 15:25:00+00:00,,,,2
10140,8127,Cancelled,F,2025-01-08 08:10:00+00:00,,,,1
10147,8134,Cancelled,F,2025-05-22 11:21:00+00:00,,,,3
10158,8144,Cancelled,F,2022-09-18 13:08:00+00:00,,,,2
10182,8167,Cancelled,F,2024-12-06 01:00:00+00:00,,,,2
10191,8174,Cancelled,F,2021-05-24 03:27:00+00:00,,,,1
10196,8180,Cancelled,F,2024-03-05 03:53:00+00:00,,,,1
10197,8181,Cancelled,F,2021-08-03 02:40:00+00:00,,,,4
10209,8190,Cancelled,F,2025-05-25 14:47:08.458901+00:00,,,,1
10232,8209,Cancelled,F,2024-03-28 14:09:00+00:00,,,,2
10268,8237,Cancelled,F,2022-01-22 00:30:00+00:00,,,,3
10291,8260,Cancelled,F,2023-08-11 06:15:00+00:00,,,,1
10299,8267,Cancelled,F,2024-07-06 06:16:00+00:00,,,,2
10338,8294,Cancelled,F,2023-08-10 01:28:00+00:00,,,,1
10348,8302,Cancelled,F,2023-02-02 01:05:00+00:00,,,,1
10374,8322,Cancelled,F,2021-07-21 18:05:00+00:00,,,,2
10376,8325,Cancelled,F,2022-07-27 13:59:00+00:00,,,,1
10388,8333,Cancelled,F,2024-02-18 17:27:00+00:00,,,,1
10396,8340,Cancelled,F,2025-04-05 01:13:00+00:00,,,,3
10410,8352,Cancelled,F,2025-02-25 13:27:00+00:00,,,,1
10426,8364,Cancelled,F,2024-11-07 05:13:00+00:00,,,,1
10441,8377,Cancelled,F,2023-06-01 07:13:00+00:00,,,,1
10447,8381,Cancelled,F,2022-03-14 08:22:00+00:00,,,,1
10459,8390,Cancelled,F,2023-12-13 11:04:00+00:00,,,,1
10464,8393,Cancelled,F,2023-07-21 06:45:00+00:00,,,,1
10482,8407,Cancelled,F,2025-01-07 00:06:00+00:00,,,,4
10483,8407,Cancelled,F,2024-07-12 00:06:00+00:00,,,,3
10491,8416,Cancelled,F,2025-05-06 11:34:00+00:00,,,,1
10502,8422,Cancelled,F,2025-01-05 16:55:00+00:00,,,,1
10530,8447,Cancelled,F,2025-01-31 17:56:00+00:00,,,,1
10539,8453,Cancelled,F,2023-04-05 07:54:00+00:00,,,,1
10558,8469,Cancelled,F,2025-05-24 07:18:00+00:00,,,,1
10573,8481,Cancelled,F,2025-02-27 10:50:00+00:00,,,,2
10581,8487,Cancelled,F,2022-10-04 09:12:00+00:00,,,,1
10593,8499,Cancelled,F,2024-12-14 18:50:00+00:00,,,,1
10600,8504,Cancelled,F,2025-05-20 06:01:00+00:00,,,,1
10601,8504,Cancelled,F,2025-05-20 06:01:00+00:00,,,,1
10654,8549,Cancelled,F,2024-10-08 10:20:00+00:00,,,,1
10664,8560,Cancelled,F,2025-01-23 18:54:00+00:00,,,,1
10668,8563,Cancelled,F,2021-04-10 17:27:00+00:00,,,,1
10678,8573,Cancelled,F,2025-02-07 13:44:00+00:00,,,,1
10703,8592,Cancelled,F,2024-12-04 18:44:00+00:00,,,,1
10707,8598,Cancelled,F,2025-05-14 17:39:00+00:00,,,,1
10713,8604,Cancelled,F,2024-03-19 01:20:00+00:00,,,,2
10718,8608,Cancelled,F,2023-08-31 14:06:00+00:00,,,,1
10757,8637,Cancelled,F,2024-07-18 07:43:00+00:00,,,,1
10785,8656,Cancelled,F,2022-02-24 01:12:00+00:00,,,,1
10790,8661,Cancelled,F,2024-10-24 07:49:00+00:00,,,,1
10793,8664,Cancelled,F,2022-01-12 10:54:00+00:00,,,,3
10794,8664,Cancelled,F,2021-08-12 10:54:00+00:00,,,,4
10836,8690,Cancelled,F,2025-04-01 02:10:00+00:00,,,,3
10844,8699,Cancelled,F,2025-05-15 11:20:00+00:00,,,,3
10850,8703,Cancelled,F,2024-12-16 01:43:00+00:00,,,,1
10851,8703,Cancelled,F,2025-04-19 01:43:00+00:00,,,,1
10876,8720,Cancelled,F,2024-07-25 12:19:00+00:00,,,,1
10879,8723,Cancelled,F,2024-04-11 00:25:00+00:00,,,,1
10898,8741,Cancelled,F,2024-07-06 14:50:00+00:00,,,,1
10908,8747,Cancelled,F,2025-05-19 02:38:00+00:00,,,,1
10918,8751,Cancelled,F,2023-05-09 09:53:00+00:00,,,,1
10928,8759,Cancelled,F,2025-02-23 17:52:00+00:00,,,,2
10969,8795,Cancelled,F,2025-01-03 17:15:00+00:00,,,,1
10970,8795,Cancelled,F,2025-04-11 17:15:00+00:00,,,,1
10982,8805,Cancelled,F,2023-11-02 17:06:00+00:00,,,,1
11018,8832,Cancelled,F,2025-05-15 13:06:00+00:00,,,,1
11019,8833,Cancelled,F,2020-10-03 16:51:00+00:00,,,,2
11064,8860,Cancelled,F,2022-03-25 11:57:00+00:00,,,,2
11067,8865,Cancelled,F,2024-11-09 00:18:00+00:00,,,,2
11072,8870,Cancelled,F,2024-04-29 10:52:00+00:00,,,,1
11092,8886,Cancelled,F,2024-04-03 15:09:00+00:00,,,,2
11094,8889,Cancelled,F,2020-08-29 02:57:00+00:00,,,,2
11105,8898,Cancelled,F,2023-01-22 18:56:00+00:00,,,,1
11115,8906,Cancelled,F,2024-08-21 13:54:00+00:00,,,,3
11141,8927,Cancelled,F,2024-12-03 02:42:00+00:00,,,,1
11146,8932,Cancelled,F,2022-10-13 02:58:00+00:00,,,,2
11155,8939,Cancelled,F,2022-10-19 02:13:00+00:00,,,,1
11156,8940,Cancelled,F,2024-09-19 01:47:00+00:00,,,,1
11162,8944,Cancelled,F,2025-01-21 04:11:00+00:00,,,,1
11163,8945,Cancelled,F,2023-10-05 13:53:00+00:00,,,,1
11172,8950,Cancelled,F,2024-04-02 05:50:00+00:00,,,,2
11229,8997,Cancelled,F,2024-10-10 10:58:00+00:00,,,,3
11235,9000,Cancelled,F,2025-04-12 03:19:00+00:00,,,,1
11236,9001,Cancelled,F,2022-12-27 10:52:00+00:00,,,,1
11252,9013,Cancelled,F,2022-09-25 04:25:00+00:00,,,,1
11288,9035,Cancelled,F,2021-08-11 15:05:00+00:00,,,,2
11316,9059,Cancelled,F,2024-03-26 11:39:00+00:00,,,,2
11341,9086,Cancelled,F,2024-04-23 16:37:00+00:00,,,,1
11349,9093,Cancelled,F,2025-05-18 09:09:00+00:00,,,,1
11358,9104,Cancelled,F,2025-05-08 07:04:00+00:00,,,,2
11365,9109,Cancelled,F,2025-05-19 17:36:00+00:00,,,,1
11368,9112,Cancelled,F,2024-05-16 12:40:00+00:00,,,,1
11377,9117,Cancelled,F,2022-09-21 08:36:00+00:00,,,,1
11379,9120,Cancelled,F,2024-10-05 12:01:00+00:00,,,,1
11388,9124,Cancelled,F,2021-12-01 12:16:00+00:00,,,,2
11400,9134,Cancelled,F,2024-10-13 04:07:00+00:00,,,,2
11403,9136,Cancelled,F,2025-04-05 12:44:00+00:00,,,,3
11406,9139,Cancelled,F,2023-07-11 00:09:00+00:00,,,,1
11419,9149,Cancelled,F,2024-12-11 04:22:00+00:00,,,,1
11426,9154,Cancelled,F,2025-02-23 18:38:00+00:00,,,,1
11434,9160,Cancelled,F,2021-02-09 04:00:00+00:00,,,,1
11460,9185,Cancelled,F,2021-12-07 00:31:00+00:00,,,,1
11472,9194,Cancelled,F,2020-08-11 03:15:00+00:00,,,,1
11494,9210,Cancelled,F,2024-12-04 01:25:00+00:00,,,,2
11496,9212,Cancelled,F,2025-04-02 17:36:00+00:00,,,,1
11512,9230,Cancelled,F,2024-03-09 05:08:00+00:00,,,,1
11524,9238,Cancelled,F,2025-04-16 08:26:00+00:00,,,,1
11526,9238,Cancelled,F,2025-02-11 08:26:00+00:00,,,,1
11539,9248,Cancelled,F,2023-02-23 08:52:00+00:00,,,,2
11540,9251,Cancelled,F,2025-03-06 11:10:00+00:00,,,,2
11547,9253,Cancelled,F,2025-02-06 02:13:00+00:00,,,,1
11548,9254,Cancelled,F,2021-08-04 05:34:00+00:00,,,,3
11555,9265,Cancelled,F,2022-02-15 09:09:00+00:00,,,,1
11570,9280,Cancelled,F,2020-12-30 13:15:00+00:00,,,,1
11580,9289,Cancelled,F,2024-06-15 00:08:00+00:00,,,,3
11583,9291,Cancelled,F,2021-07-23 07:25:00+00:00,,,,1
11584,9291,Cancelled,F,2024-05-08 07:25:00+00:00,,,,2
11590,9296,Cancelled,F,2022-03-31 01:32:00+00:00,,,,1
11608,9315,Cancelled,F,2023-10-19 11:19:00+00:00,,,,1
11624,9323,Cancelled,F,2024-08-27 04:20:00+00:00,,,,1
11644,9340,Cancelled,F,2024-09-18 03:25:00+00:00,,,,1
11655,9348,Cancelled,F,2024-03-28 08:59:00+00:00,,,,1
11664,9354,Cancelled,F,2025-05-24 16:22:00+00:00,,,,1
11690,9382,Cancelled,F,2024-09-28 17:16:00+00:00,,,,1
11691,9382,Cancelled,F,2024-09-26 17:16:00+00:00,,,,2
11696,9385,Cancelled,F,2025-04-07 06:05:00+00:00,,,,3
11701,9390,Cancelled,F,2024-07-01 15:28:00+00:00,,,,1
11716,9401,Cancelled,F,2020-03-22 16:10:00+00:00,,,,2
11718,9402,Cancelled,F,2024-05-05 08:29:00+00:00,,,,1
11746,9424,Cancelled,F,2024-12-15 13:18:00+00:00,,,,1
11755,9434,Cancelled,F,2021-12-11 09:25:00+00:00,,,,2
11758,9436,Cancelled,F,2023-03-20 16:40:00+00:00,,,,1
11759,9436,Cancelled,F,2023-08-17 16:40:00+00:00,,,,1
11782,9453,Cancelled,F,2023-02-14 07:01:00+00:00,,,,1
11785,9455,Cancelled,F,2023-07-25 09:20:00+00:00,,,,3
11787,9457,Cancelled,F,2024-01-26 11:55:00+00:00,,,,1
11799,9465,Cancelled,F,2024-09-12 00:34:00+00:00,,,,1
11869,9520,Cancelled,F,2024-07-05 04:41:00+00:00,,,,1
11877,9529,Cancelled,F,2025-01-22 17:34:00+00:00,,,,2
11892,9540,Cancelled,F,2022-12-09 17:54:00+00:00,,,,1
11927,9566,Cancelled,F,2022-10-01 12:35:00+00:00,,,,2
11968,9593,Cancelled,F,2025-05-24 16:14:38.721531+00:00,,,,1
11980,9606,Cancelled,F,2021-06-24 04:12:00+00:00,,,,1
11982,9608,Cancelled,F,2023-05-28 18:41:00+00:00,,,,1
12050,9667,Cancelled,F,2023-01-08 01:20:00+00:00,,,,1
12051,9667,Cancelled,F,2024-04-12 01:20:00+00:00,,,,1
12076,9694,Cancelled,F,2021-04-05 05:35:00+00:00,,,,2
12082,9698,Cancelled,F,2025-05-16 13:12:00+00:00,,,,1
12095,9711,Cancelled,F,2023-02-02 15:15:00+00:00,,,,1
12117,9727,Cancelled,F,2023-05-09 01:37:00+00:00,,,,1
12129,9737,Cancelled,F,2022-06-02 10:00:00+00:00,,,,1
12172,9765,Cancelled,F,2024-08-12 16:27:00+00:00,,,,1
12177,9767,Cancelled,F,2022-02-11 13:26:00+00:00,,,,2
12193,9777,Cancelled,F,2024-03-28 01:40:00+00:00,,,,1
12217,9795,Cancelled,F,2022-02-08 10:33:00+00:00,,,,1
12220,9798,Cancelled,F,2024-08-19 10:35:00+00:00,,,,2
12231,9806,Cancelled,F,2024-01-26 03:04:00+00:00,,,,1
12232,9807,Cancelled,F,2024-08-19 00:40:00+00:00,,,,1
12234,9808,Cancelled,F,2024-04-25 14:38:00+00:00,,,,1
12278,9852,Cancelled,F,2025-05-26 01:20:44.224691+00:00,,,,1
12284,9858,Cancelled,F,2024-07-15 17:19:00+00:00,,,,3
12288,9862,Cancelled,F,2024-10-10 07:39:00+00:00,,,,1
12315,9883,Cancelled,F,2025-03-07 14:46:00+00:00,,,,1
12319,9884,Cancelled,F,2022-08-10 02:41:00+00:00,,,,4
12327,9893,Cancelled,F,2024-10-03 00:56:00+00:00,,,,1
12330,9896,Cancelled,F,2023-05-04 16:30:00+00:00,,,,4
12356,9912,Cancelled,F,2025-01-05 11:01:00+00:00,,,,2
12371,9927,Cancelled,F,2024-05-31 12:29:00+00:00,,,,1
12381,9936,Cancelled,F,2025-03-30 14:56:00+00:00,,,,1
12382,9936,Cancelled,F,2023-06-01 14:56:00+00:00,,,,1
12387,9940,Cancelled,F,2025-02-18 13:36:00+00:00,,,,1
12389,9940,Cancelled,F,2024-09-26 13:36:00+00:00,,,,1
12392,9943,Cancelled,F,2022-06-19 14:34:00+00:00,,,,2
12395,9945,Cancelled,F,2025-02-08 17:28:00+00:00,,,,1
12414,9961,Cancelled,F,2020-01-04 14:34:00+00:00,,,,1
12427,9973,Cancelled,F,2024-02-01 08:18:00+00:00,,,,2
12434,9977,Cancelled,F,2023-06-06 00:15:00+00:00,,,,1
12439,9981,Cancelled,F,2023-01-07 16:02:00+00:00,,,,1
12441,9981,Cancelled,F,2023-10-16 16:02:00+00:00,,,,3
12459,9995,Cancelled,F,2025-02-28 10:40:00+00:00,,,,1
12460,9996,Cancelled,F,2021-08-14 06:00:00+00:00,,,,1
12467,9998,Cancelled,F,2023-01-11 16:47:00+00:00,,,,3
12468,9999,Cancelled,F,2021-02-21 10:02:00+00:00,,,,1
12472,10000,Cancelled,F,2024-03-17 15:40:00+00:00,,,,1
12474,10002,Cancelled,F,2024-04-23 02:29:00+00:00,,,,2
12477,10004,Cancelled,F,2024-06-15 08:29:00+00:00,,,,1
12498,10021,Cancelled,F,2025-03-13 09:34:00+00:00,,,,1
12510,10032,Cancelled,F,2021-06-20 05:10:00+00:00,,,,2
12529,10044,Cancelled,F,2023-12-25 08:11:00+00:00,,,,1
12531,10047,Cancelled,F,2025-05-26 06:59:48.387633+00:00,,,,1
12549,10063,Cancelled,F,2025-05-07 03:54:00+00:00,,,,1
12553,10065,Cancelled,F,2025-04-26 09:21:00+00:00,,,,2
12560,10073,Cancelled,F,2022-07-29 17:21:00+00:00,,,,3
12572,10084,Cancelled,F,2025-02-11 14:59:00+00:00,,,,4
12608,10104,Cancelled,F,2022-04-03 08:12:00+00:00,,,,1
12609,10104,Cancelled,F,2022-11-08 08:12:00+00:00,,,,3
12679,10159,Cancelled,F,2025-02-17 03:28:00+00:00,,,,2
12699,10172,Cancelled,F,2024-01-05 10:05:00+00:00,,,,1
12714,10184,Cancelled,F,2022-07-25 00:15:00+00:00,,,,1
12732,10203,Cancelled,F,2025-03-11 17:46:00+00:00,,,,1
12756,10222,Cancelled,F,2022-07-05 00:12:00+00:00,,,,1
12757,10224,Cancelled,F,2022-07-30 00:06:00+00:00,,,,1
12785,10242,Cancelled,F,2024-03-18 12:03:00+00:00,,,,1
12789,10246,Cancelled,F,2023-06-05 02:34:00+00:00,,,,3
12794,10248,Cancelled,F,2023-10-03 01:30:00+00:00,,,,2
12809,10258,Cancelled,F,2024-02-12 04:21:00+00:00,,,,1
12817,10265,Cancelled,F,2023-08-13 06:32:00+00:00,,,,1
12835,10282,Cancelled,F,2025-05-15 09:02:00+00:00,,,,1
12837,10284,Cancelled,F,2023-11-20 14:34:00+00:00,,,,1
12838,10284,Cancelled,F,2023-09-16 14:34:00+00:00,,,,1
12846,10291,Cancelled,F,2025-01-05 04:49:00+00:00,,,,1
12860,10301,Cancelled,F,2022-04-10 11:45:00+00:00,,,,1
12884,10326,Cancelled,F,2022-06-07 00:59:00+00:00,,,,2
12921,10347,Cancelled,F,2023-12-01 15:18:00+00:00,,,,3
12922,10347,Cancelled,F,2024-01-27 15:18:00+00:00,,,,1
12950,10372,Cancelled,F,2021-09-11 01:17:00+00:00,,,,1
12951,10372,Cancelled,F,2025-02-23 01:17:00+00:00,,,,2
12957,10378,Cancelled,F,2025-03-07 14:22:00+00:00,,,,1
12973,10394,Cancelled,F,2023-12-08 07:40:00+00:00,,,,1
12980,10399,Cancelled,F,2025-03-15 03:53:00+00:00,,,,1
12992,10413,Cancelled,F,2022-05-16 15:44:00+00:00,,,,1
12999,10420,Cancelled,F,2024-04-11 10:35:00+00:00,,,,1
13009,10426,Cancelled,F,2024-04-06 18:23:00+00:00,,,,1
13014,10433,Cancelled,F,2023-12-03 12:43:00+00:00,,,,1
13023,10441,Cancelled,F,2020-08-16 13:25:00+00:00,,,,2
13036,10450,Cancelled,F,2019-10-23 02:10:00+00:00,,,,1
